wikidata,kvk,name,section,note
Q63184341,,IMCD,G,specialty chemicals distribution (wholesale)
Q11688635,,Leger des Heils,Q,Salvation Army NL: social services / shelters
Q16238073,,Nederlands Rode Kruis,Q,relief + health services
Q2588412,,KWF Kankerbestrijding,S,charity / fundraising for cancer research
Q1846231,,VluchtelingenWerk Nederland,S,non-profit interest organisation
Q2306113,,Stichting AAP,S,animal rescue foundation
Q1428298,,Apollo Vredestein BV,C,tyre manufacturer
Q112603158,,Tipsport Holding,R,betting / gambling
Q315287,,Qiagen N.V.,C,diagnostics + life-science kits manufacturer
Q396715,,Agrifac,C,agricultural machinery manufacturer
Q612524,,Perfetti Van Melle,C,confectionery manufacturer
Q1892275,,Wereldhave,L,real-estate (shopping centres)
Q2297502,,Nedmag,C,magnesium products from brine (could also be B mining) -- check
Q2551576,,Trekpleister,G,drugstore retail
Q3557857,,Power-Packer,C,hydraulic systems manufacturer
Q4653345,,APM Terminals,H,container terminals / port logistics
Q97521253,,Prijsvrij Vakanties,N,travel agency
Q98024446,,Royal SMIT Transformers,C,transformer manufacturer
Q67200666,,Ebusco,C,electric bus manufacturer
