company,kvk,website
Marine Harvest,wd-Q776750,https://mowi.com
Koninklijke Van Leeuwen,23038035,http://www.vanleeuwen.com/
Transavia,wd-Q246952,http://www.transavia.com
DEME,wd-Q2265286,http://www.deme.be
CFE,wd-Q1137796,https://www.cfe.be
ProRail,wd-Q2316882,https://www.prorail.nl/
Stern,wd-Q2556009,https://www.stern.nl/
Lely,wd-Q628343,http://www.lely.com
Plukon,30255837,https://www.plukon.nl/
ANWB,40409077,https://www.anwb.nl
Booking.com,wd-Q4035313,https://www.booking.com
NEP The Netherlands,wd-Q2497779,https://www.nepworldwide.nl/
TomTom,34224566,https://www.tomtom.com/
Barco,wd-Q807964,http://www.barco.com/
Van Oord,24355843,http://www.vanoord.com/
Royal Swinkels,64910792,https://royalswinkels.com/
Trekpleister,31035585,https://www.trekpleister.nl/
Tele Atlas,wd-Q1865306,
Argenx SE,wd-Q63152908,https://www.argenx.com/
Vitol,wd-Q687365,http://vitol.com/
Melexis,wd-Q4043953,http://www.melexis.com/
Samskip,24139799,https://www.samskip.com/
Goodlife Foods,17045302,https://glfoods.com/
Nuclear Research and consultancy Group,wd-Q2004141,https://www.nrg.eu/?L=1
KwikFit,wd-Q958053,https://www.kwik-fit.nl/
Leger des Heils,41208155,https://www.legerdesheils.nl
Synthon,wd-Q2632549,http://www.synthon.com
Avio,wd-Q791069,https://www.avio.com
Zeeman,28034863,https://www.zeeman.com/
Ziggo,37026706,https://www.ziggo.nl/
Simon Loos,37147521,https://www.simonloos.nl/
Seagull Software,wd-Q14326095,http://seagull.rocketsoftware.com/
Avebe,02300804,https://www.avebe.com/
Cellnex Telecom,wd-Q21081923,https://www.cellnex.com
Vodafone Nederland,wd-Q17031826,https://www.vodafone.nl/
The Sting,18026620,https://www.thesting.com
Vliegtuigenfabriek Koolhoven,wd-Q2761690,
Terberg,wd-Q12013448,http://www.terberg.nl
Kinepolis,wd-Q1741993,https://kinepolis.com/
Bever,27091280,https://www.bever.nl/
Arke,wd-Q19829351,https://www.arke.nl/
Power-Packer,06060890,https://www.power-packer.com/
GMV Innovating Solutions,wd-Q1550912,http://www.gmv.com
Alfen,64462846,https://alfen.com
Allseas,wd-Q1860045,http://www.allseas.com/
Huisman Equipment,wd-Q93929050,https://www.huismanequipment.com
Royal FloraHolland,34284016,https://www.royalfloraholland.com/en
Heerema Marine Contractors,wd-Q1593511,http://hmc.heerema.com/
Qbuzz,32134138,https://www.qbuzz.nl/
Warehouses De Pauw,wd-Q19709860,https://wdp.eu
ESG Group,wd-Q121985687,http://www.esg.eu/
Ketjen,wd-Q2032032,https://www.ketjen.com/
Doctors without Borders Netherlands,41215974,https://www.artsenzondergrenzen.nl
Mourik,23045773,https://www.mourik.com/
Takeaway.com,64441725,https://www.justeattakeaway.com/
Fluxys,wd-Q1336773,https://www.fluxys.com/
Mediahuis Nederland,wd-Q2727854,https://www.tmg.nl
My.Games,56701527,https://my.games
Centraal Boekhuis,wd-Q2467854,http://www.cb.nl/
Exact,wd-Q652369,https://www.exact.com/
Falcon,95738703,http://www.falconsportswear.com
Van Wijnen,31034321,https://www.vanwijnen.nl
Eyes + more,wd-Q1385775,https://www.eyesandmore.de
Recticel B.V.,wd-Q140562190,
Catom,wd-Q124634756,https://catom.nl/
Auping,manual-auping,https://www.auping.com
Nebius Group,27265167,https://nebius.group/
Nationaal Lucht- en Ruimtevaartlaboratorium,wd-Q2103989,https://www.nlr.nl
Royal SMIT Transformers,10042215,https://www.sgb-smit.com/
Antea Group,24424833,https://anteagroup.nl/
Simac,17057712,http://www.simac.nl/
Stichting European Climate Foundation,27313877,https://europeanclimate.org/
Nederlands Rode Kruis,40409352,http://www.rodekruis.nl/
Pininfarina,wd-Q40987,https://pininfarina.it/
Organisatie voor het Verbod op Chemische Wapens,wd-Q842490,https://www.opcw.org/
DA,wd-Q4899756,https://www.da.nl/
Scheer & Foppen,wd-Q25935338,https://www.scheerenfoppen.nl
Manfield Schoenen,65134117,https://www.manfield.com/
Sacha schoenen,18028000,https://www.sacha.nl/
PSJ Holding,55534805,
Webfleet,61185787,https://www.webfleet.com
KWF Kankerbestrijding,41197125,http://www.kwf.nl
NNZ,wd-Q113877918,https://www.nnz.nl/
Cordaid,41160054,https://www.cordaid.org
Koning & Hartman,wd-Q28133237,http://www.koningenhartman.nl/nl
Vereniging Natuurmonumenten,40516730,https://www.natuurmonumenten.nl
AerCap,34251954,http://aercap.com
EnergyVision,wd-Q136399720,https://www.energyvision.be
Fibrant,wd-Q113272456,https://www.fibrant52.com/en/
Leolux,12016586,https://www.leolux.nl
Oxfam Novib,27108436,https://www.oxfamnovib.nl
DB Schenker Rail Nederland,30124363,http://www.rail.dbschenker.nl/
BinckBank,wd-Q1923819,http://www.binck.com
Claesens,wd-Q19974133,https://www.claesens.com/nl
Scheepjes,wd-Q131737279,
Brocades,wd-Q2015535,
Bouwfonds,wd-Q2922650,http://www.bouwfonds.com
VluchtelingenWerk Nederland,40532333,https://www.vluchtelingenwerk.nl
BBned,wd-Q3512170,http://www.bbned.nl
Travix,wd-Q13462134,https://www.travix.com/
Bird,51874474,https://bird.com
Rodi Media,wd-Q105925593,https://www.rodimedia.nl/
WPG Uitgevers,33134100,http://www.wpg.nl
Ebusco,55202454,https://www.ebusco.com/
Accsys Technologies,wd-Q65983039,https://www.accsysplc.com/nl/
ZOA,41009723,http://www.zoa.nl
Papierfabriek Doetinchem,wd-Q116820284,https://www.papierfabriekdoetinchem.nl/NL_index_about-us.htm#
Guerrilla Games,wd-Q337910,https://www.guerrilla-games.com
Witteveen,wd-Q107355101,
Noordhoff Uitgevers,02031391,http://www.noordhoffuitgevers.nl/
Hellema-Hallum,01054848,https://koekjesvanhellema.nl/
Nedmag,02331543,https://www.nedmag.nl
Plan International Nederland,41198890,https://www.planinternational.nl/
Stichting Save the Children Nederland,41201463,https://www.savethechildren.nl/
UNICEF Nederland,27102631,https://www.unicef.nl
Oger,wd-Q45046378,https://www.oger.nl/
Payhawk,88843114,https://payhawk.com/nl
Independer,34117387,https://www.independer.nl
Agrifac,05046871,http://www.agrifac.de
VanMoof,34227663,https://www.vanmoof.com
Dutch Relief Alliance,72849770,https://dutchrelief.org/
Stichting Hivos (Humanistisch Instituut voor Ontwikkelings Samenwerking),41198677,http://www.hivos.org
Stichting Het Wereld Natuur Fonds-Nederland,41177588,https://www.wwf.nl/
Anheuser-Busch InBev,wd-Q128738,https://www.ab-inbev.com/
Nederlandse Hartstichting,41150408,http://www.hartstichting.nl/
Spyker Cars,32095898,http://www.spykercars.com
Innovative Solutions In Space,wd-Q60749178,https://www.isispace.nl/
Dawn Aerospace,wd-Q115821138,https://www.dawnaerospace.com/
Koninklijke Joh. Enschedé,34000247,http://www.joh-enschede.nl
het Cultuurfonds,41197850,https://www.cultuurfonds.nl/
Mercy Corps Netherlands,70333564,https://www.mercycorps.nl
De Dierenbescherming,40407319,https://www.dierenbescherming.nl
Stichting KiKa,34173893,https://www.kika.nl/
Aidsfonds,41207989,http://www.aidsfonds.nl/
